{"media_type":2,"has_dash_audio":false,"is_completed":true,"total_bytes":18035798,"downloaded_bytes":18035798,"title":"我回来了风纪委员！！！可怜无助睿yyds！","type_tag":"80","cover":"http:\/\/i2.hdslb.com\/bfs\/archive\/41bd80d56087358995922655e892242841f22dda.jpg","video_quality":80,"prefered_video_quality":80,"guessed_total_bytes":0,"total_time_milli":53966,"danmaku_count":0,"time_update_stamp":1689870120535,"time_create_stamp":1689870116367,"can_play_in_advance":true,"interrupt_transform_temp_file":false,"quality_pithy_description":"1080P","quality_superscript":"","cache_version_code":7390300,"preferred_audio_quality":0,"audio_quality":0,"avid":701228698,"spid":0,"seasion_id":0,"bvid":"BV1rm4y177jx","owner_id":1508993232,"owner_name":"可怜无助锐","owner_avatar":"https:\/\/i0.hdslb.com\/bfs\/face\/054e3d4f2f7b5a89c648df2ace8235d6bfd135cc.jpg","page_data":{"cid":1203647331,"page":1,"from":"vupload","part":"我回来了风纪委员！！！可怜无助睿yyds！","link":"","vid":"","has_alias":false,"tid":21,"width":1078,"height":820,"rotate":0,"download_title":"视频已缓存完成","download_subtitle":"我回来了风纪委员！！！可怜无助睿yyds！ 我回来了风纪委员！！！可怜无助睿yyds！"}}