{"video":[{"id":80,"base_url":"https:\/\/xy27x154x100x220xy.mcdn.bilivideo.cn:8082\/v1\/resource\/1203647331-1-30080.m4s?build=7390300&buvid=XY3F13A3E3FE184BBFFB0F1C72015FB77A1AE&bvc=vod&bw=340298&cdnid=6702&deadline=1689877316&e=ig8euxZM2rNcNbdlhoNvNC8BqJIzNbfqXBvEuENvNC8aNEVEtEvE9IMvXBvE2ENvNCImNEVEIj0Y2J_aug859r1qXg8xNEVE5XREto8GuFGv2U7SuxI72X6fTr859IB_&gen=playurlv2&logo=90000000&mid=524486358&nbs=1&nettype=1&oi=1864635199&orderid=0%2C3&os=bcache&platform=android&sign=da881b&traceid=troMfEAiVFNXkR_0_u_a&uipk=5&uparams=e%2Cuipk%2Cnbs%2Cdeadline%2Cgen%2Cos%2Coi%2Ctrid%2Cmid%2Cplatform&upsig=edac9ba3c53a8fbf1b6adee330ace9b8","backup_url":["https:\/\/xy123x182x211x83xy.mcdn.bilivideo.cn:8082\/v1\/resource\/1203647331-1-30080.m4s?build=7390300&buvid=XY3F13A3E3FE184BBFFB0F1C72015FB77A1AE&bvc=vod&bw=340298&deadline=1689877316&e=ig8euxZM2rNcNbdlhoNvNC8BqJIzNbfqXBvEuENvNC8aNEVEtEvE9IMvXBvE2ENvNCImNEVEIj0Y2J_aug859r1qXg8xNEVE5XREto8GuFGv2U7SuxI72X6fTr859IB_&gen=playurlv2&logo=50000000&mid=524486358&nbs=1&nettype=1&oi=1864635199&orderid=1%2C3&os=upos&platform=android&sign=da881b&traceid=trnVDpNgYzwtZp_0_u_a&uipk=5&uparams=e%2Cuipk%2Cnbs%2Cdeadline%2Cgen%2Cos%2Coi%2Ctrid%2Cmid%2Cplatform&upsig=867def7965c729c821b135cc924e5932","https:\/\/cn-cq-cm-01-01.bilivideo.com\/upgcxcode\/31\/73\/1203647331\/1203647331-1-30080.m4s?e=ig8euxZM2rNcNbdlhoNvNC8BqJIzNbfqXBvEuENvNC8aNEVEtEvE9IMvXBvE2ENvNCImNEVEIj0Y2J_aug859r1qXg8xNEVE5XREto8GuFGv2U7SuxI72X6fTr859IB_&uipk=5&nbs=1&deadline=1689877316&gen=playurlv2&os=bcache&oi=1864635199&trid=00009b2d6a6950a042f58b7e14ce37d82d23u&mid=524486358&platform=android&upsig=edac9ba3c53a8fbf1b6adee330ace9b8&uparams=e,uipk,nbs,deadline,gen,os,oi,trid,mid,platform&cdnid=6702&bvc=vod&nettype=1&orderid=0,3&buvid=XY3F13A3E3FE184BBFFB0F1C72015FB77A1AE&build=7390300&bw=340298&logo=90000000"],"bandwidth":2673653,"codecid":7,"size":18035798,"md5":"6e4ba4abd0d8b7f86a47e1f64689fca5","no_rexcode":false,"frame_rate":"29.412","width":1078,"height":820,"dash_drm_type":0}]}